{"display":"MIRAI.490798.001","product":"mirai","device":"mirai","board":"mirai","model":"mirai","finger_print":"mamoe/mirai/mirai:10/MIRAI.200122.001/1443850:user/release-keys","boot_id":"f5e05606-9a1b-d662-6598-d7ec9a1d9767","proc_version":"Linux version 3.0.31-EP9yquTC (android-build@xxx.xxx.xxx.xxx.com)","protocol":0,"imei":"591082790374870","brand":"mamoe","bootloader":"unknown","base_band":"","version":{"incremental":"5891938","release":"10","codename":"REL","sdk":29},"sim_info":"T-Mobile","os_type":"android","mac_address":"00:50:56:C0:00:08","ip_address":[10,0,1,3],"wifi_bssid":"00:50:56:C0:00:08","wifi_ssid":"\u003cunknown ssid\u003e","imsi_md5":"71cf44b30ac232663ac2a925c87598fe","android_id":"7f1f555737f2e05e","apn":"wifi","vendor_name":"MIUI","vendor_os_name":"mirai"}